Date,Time,Platforms,Media file,Caption,Hashtags
2026-08-03,18:00,"Instagram,TikTok,YouTube,Facebook",guides/reel-00b-wallpaper-collection.mp4,"95 original Santa Cruz wallpapers - 4K for desktop, sized for phone. Every screen you own, covered. Get it -> storymodeguy.com",#wallpaper #4kwallpaper #santacruz #sunset #phonewallpaper #californiacoast
2026-08-06,18:00,"Instagram,TikTok,YouTube,Facebook",guides/reel-00-collection.mp4,"10 photography guides - from your first manual shot to selling your work. Beginner to pro, one library. Guides -> storymodeguy.com",#photography #learnphotography #photographyguide #photographytips #cameratips
2026-08-10,18:00,"Instagram,TikTok,YouTube,Facebook",photo/reel-78.mp4,The whole sky went violet and the boardwalk just sat there glowing under it. Stood on the bluff until the color quit. Prints + wallpapers -> storymodeguy.com,#santacruz #boardwalk #sunset #skyporn #californiacoast #goldenhour
2026-08-13,18:00,"Instagram,TikTok,YouTube,Facebook",photo/reel-62.mp4,Set an alarm for a dawn that looked like nothing out the window. Drove down anyway. This is why you always drive down. storymodeguy.com,#santacruz #sunrise #dawn #skyporn #californiacoast #photography
2026-08-17,18:00,"Instagram,TikTok,YouTube,Facebook",photo/reel-66.mp4,Some nights the sky does the work and the wheel just stands there looking good. Full gallery -> storymodeguy.com,#santacruz #boardwalk #ferriswheel #sunset #californiacoast #silhouette
2026-08-20,18:00,"Instagram,TikTok,YouTube,Facebook",photo/reel-64.mp4,Not a breath of wind. The whole bay went to glass and the sun came up orange over it. Print + wallpaper at storymodeguy.com,#santacruz #sunrise #ocean #reflection #californiacoast #photography
2026-08-24,18:00,"Instagram,TikTok,YouTube,Facebook",photo/reel-73.mp4,The Giant Dipper turns 100 this year. Still the best thing to put a sunset behind. storymodeguy.com,#santacruz #boardwalk #rollercoaster #sunset #californiacoast #goldenhour
2026-08-27,18:00,"Instagram,TikTok,YouTube,Facebook",photo/reel-58.mp4,"Found this one under the pines after the rains. Straight out of a fairy tale, no edit needed. storymodeguy.com",#santacruzmountains #mushroom #flyagaric #nature #forest #naturephotography
2026-08-31,18:00,"Instagram,TikTok,YouTube,Facebook",photo/reel-53.mp4,That ten-minute window where the sky's still blue but the lights are already on. My favorite time to be down there. Full gallery -> storymodeguy.com,#santacruz #boardwalk #bluehour #dusk #californiacoast #nightphotography
2026-09-03,18:00,"Instagram,TikTok,YouTube,Facebook",photo/reel-60.mp4,The 10 minutes after sunset are better than sunset. Nobody's ever around for them. storymodeguy.com,#santacruz #sunset #afterglow #wharf #californiacoast #photography
2026-09-07,18:00,"Instagram,TikTok,YouTube,Facebook",photo/reel-68.mp4,"Long lens, low light, cold hands. The surf kept catching the last of the amber. Wallpaper at storymodeguy.com",#santacruz #surf #twilight #ocean #californiacoast #skyporn
2026-09-10,18:00,"Instagram,TikTok,YouTube,Facebook",photo/reel-54.mp4,"Not every morning is golden. Some of them just brood, and that's its own kind of good. storymodeguy.com",#santacruz #stormclouds #dawn #moody #californiacoast #naturephotography
2026-09-14,18:00,"Instagram,TikTok,YouTube,Facebook",photo/reel-59.mp4,Winter light is harder and cleaner. The tide was throwing the sun straight back at me. Full gallery -> storymodeguy.com,#santacruz #winter #ocean #goldenhour #californiacoast #photography
2026-09-17,18:00,"Instagram,TikTok,YouTube,Facebook",photo/reel-70.mp4,West Cliff at the end of the day. The clouds went rose and the whole street turned to look. storymodeguy.com,#santacruz #westcliff #sunset #clouds #californiacoast #skyporn
2026-09-21,18:00,"Instagram,TikTok,YouTube,Facebook",photo/reel-72.mp4,Craned my neck until it hurt. You forget how big they are until you try to fit one in the frame. Print at storymodeguy.com,#santacruzmountains #redwoods #forest #california #nature #naturephotography
2026-09-24,18:00,"Instagram,TikTok,YouTube,Facebook",photo/reel-75.mp4,The river mouth went flat and gave me two boardwalks for the price of one. storymodeguy.com,#santacruz #boardwalk #reflection #sunset #californiacoast #photography
2026-09-28,18:00,"Instagram,TikTok,YouTube,Facebook",photo/reel-63.mp4,"Still, pink, and completely empty. Had the whole beach to myself for this one. Full gallery -> storymodeguy.com",#santacruz #sunrise #dawn #pastel #californiacoast #naturephotography
2026-10-01,18:00,"Instagram,TikTok,YouTube,Facebook",photo/reel-57.mp4,Almost stepped right over these. The whole forest floor comes alive a week after the first real rain. storymodeguy.com,#santacruzmountains #mushroom #moss #forest #macro #naturephotography
2026-10-05,18:00,"Instagram,TikTok,YouTube,Facebook",photo/reel-67.mp4,Watched it drop straight down behind the pier pilings. Held the frame till it was gone. Wallpaper at storymodeguy.com,#santacruz #sunset #pier #silhouette #californiacoast #skyporn
2026-10-08,18:00,"Instagram,TikTok,YouTube,Facebook",photo/reel-65.mp4,"Clear day, hard blue, the wharf running all the way out. Sometimes simple is the whole shot. storymodeguy.com",#santacruz #wharf #bluesky #ocean #californiacoast #photography
2026-10-12,18:00,"Instagram,TikTok,YouTube,Facebook",photo/reel-77.mp4,High cirrus getting brushed around up top while summer did its thing down below. Full gallery -> storymodeguy.com,#santacruz #clouds #summer #beach #californiacoast #skyporn
2026-10-15,18:00,"Instagram,TikTok,YouTube,Facebook",photo/reel-56.mp4,The surf whipped up so much foam the whole shoreline went soft and grey at dusk. storymodeguy.com,#santacruz #seafoam #dusk #ocean #californiacoast #naturephotography
2026-10-19,18:00,"Instagram,TikTok,YouTube,Facebook",photo/reel-69.mp4,Caught the crescent hanging just over the last of the amber. You get maybe ten minutes for this. storymodeguy.com,#santacruz #moon #crescentmoon #dusk #californiacoast #skyporn
2026-10-22,18:00,"Instagram,TikTok,YouTube,Facebook",photo/reel-71.mp4,The coast keeps rearranging itself out here. These caves weren't this deep a few years ago. Print at storymodeguy.com,#santacruz #seacaves #coast #cliffs #californiacoast #naturephotography
2026-10-26,18:00,"Instagram,TikTok,YouTube,Facebook",photo/reel-74.mp4,"Overcast and quiet. The rides still run, the color's just softer. storymodeguy.com",#santacruz #boardwalk #overcast #moody #californiacoast #photography
2026-10-29,18:00,"Instagram,TikTok,YouTube,Facebook",photo/reel-76.mp4,"The old rail trestle at dusk, sky going soft pastel behind it. A quieter side of town. Full gallery -> storymodeguy.com",#santacruz #trestle #dusk #pastel #californiacoast #photography
2026-11-02,18:00,"Instagram,TikTok,YouTube,Facebook",photo/reel-61.mp4,Where the creek meets the sand under a flat grey sky. Not dramatic - just honest. storymodeguy.com,#santacruz #creek #coast #moody #californiacoast #naturephotography
2026-11-05,18:00,"Instagram,TikTok,YouTube,Facebook",photo/reel-55.mp4,Clean lines of white surf rolling in under a sky that couldn't decide what to do. storymodeguy.com,#santacruz #surf #ocean #clouds #californiacoast #photography
2026-11-09,18:00,"Instagram,TikTok,YouTube,Facebook",guides/reel-01-iphone-photography.mp4,"Your phone is a better camera than you think - you just have to stop letting it decide everything. 23 pages: lenses, light, editing, and a 30-day challenge. Guide -> storymodeguy.com",#iphonephotography #phonephotography #mobilephotography #photographytips #contentcreator
2026-11-12,18:00,"Instagram,TikTok,YouTube,Facebook",guides/reel-02-lightroom-blueprint.mp4,"Flat RAW -> finished photo in minutes, with a repeatable order-of-operations. No more guessing with sliders. Guide -> storymodeguy.com",#lightroom #photoediting #lightroompresets #editingtips #photography
2026-11-16,18:00,"Instagram,TikTok,YouTube,Facebook",guides/reel-03-product-photography.mp4,Your photos are your storefront. A $30 home setup and the settings that make products look expensive. Guide -> storymodeguy.com,#productphotography #etsyseller #smallbusiness #ecommerce #photographytips
2026-11-19,18:00,"Instagram,TikTok,YouTube,Facebook",guides/reel-04-exposure-manual-mode.mp4,Get off Auto for good. The exposure triangle and manual mode made simple - 12 real-world settings recipes. Guide -> storymodeguy.com,#manualmode #exposuretriangle #photographybasics #dslr #learnphotography
2026-11-23,18:00,"Instagram,TikTok,YouTube,Facebook",guides/reel-05-why-blurry.mp4,"Sharpness isn't luck. Name the blur - shake, motion, or missed focus - and fix it every time. Guide -> storymodeguy.com",#photographytips #sharpphotos #blurryphotos #focus #beginnerphotography
2026-11-26,18:00,"Instagram,TikTok,YouTube,Facebook",guides/reel-06-real-estate-photography.mp4,"Bright, sellable interiors - and the system to turn it into a paid side income. Undercuts $300 courses. Guide -> storymodeguy.com",#realestatephotography #airbnb #photographybusiness #sidehustle #interiorphotography
2026-11-30,18:00,"Instagram,TikTok,YouTube,Facebook",guides/reel-07-natural-light-portraits.mp4,Flattering light and a full posing library so nobody looks awkward again. Works with any camera. Guide -> storymodeguy.com,#portraitphotography #posingguide #naturallight #portraits #photographytips
2026-12-03,18:00,"Instagram,TikTok,YouTube,Facebook",guides/reel-08-astrophotography.mp4,"Shoot the Milky Way with the camera you already own - planning, focusing in the dark, settings, editing. Guide -> storymodeguy.com",#astrophotography #milkyway #nightphotography #stars #longexposure
2026-12-07,18:00,"Instagram,TikTok,YouTube,Facebook",guides/reel-09-low-light-night.mp4,"Low light is where cameras seem to ""break."" It's just a light budget - here are the fixes for city & night. Guide -> storymodeguy.com",#nightphotography #lowlight #cityphotography #longexposure #photographytips
2026-12-10,18:00,"Instagram,TikTok,YouTube,Facebook",guides/reel-10-cheat-sheet-pack.mp4,"A deck of printable field cards - settings recipes, exposure, white balance, and a troubleshooting flowchart. Guide -> storymodeguy.com",#photographycheatsheet #camerasettings #photographytips #beginnerphotography #printable
2026-12-14,18:00,"Instagram,TikTok,YouTube,Facebook",reels/smg-desktop-4k-reel.mp4,"12 new Santa Cruz coast wallpapers in 4K for your desktop. Fiery sunsets, glassy dawns. -> storymodeguy.com",#wallpaper #4kwallpaper #desktopwallpaper #santacruz #sunset
2026-12-17,18:00,"Instagram,TikTok,YouTube,Facebook",reels/smg-phone-reel.mp4,8 coastal sunsets & dawns sized for your lock screen. -> storymodeguy.com,#phonewallpaper #iphonewallpaper #lockscreen #santacruz #sunset
